--
-- PostgreSQL database dump
--

-- Dumped from database version 17.4
-- Dumped by pg_dump version 17.4

-- Started on 2025-03-08 14:13:16

SET statement_timeout = 0;
SET lock_timeout = 0;
SET idle_in_transaction_session_timeout = 0;
SET transaction_timeout = 0;
SET client_encoding = 'UTF8';
SET standard_conforming_strings = on;
SELECT pg_catalog.set_config('search_path', '', false);
SET check_function_bodies = false;
SET xmloption = content;
SET client_min_messages = warning;
SET row_security = off;

SET default_tablespace = '';

SET default_table_access_method = heap;

--
-- TOC entry 218 (class 1259 OID 24962)
-- Name: tb_movie; Type: TABLE; Schema: public; Owner: postgres
--

CREATE TABLE public.tb_movie (
    id bigint NOT NULL,
    count integer,
    image character varying(255),
    score double precision,
    title character varying(255)
);


ALTER TABLE public.tb_movie OWNER TO postgres;

--
-- TOC entry 217 (class 1259 OID 24961)
-- Name: tb_movie_id_seq; Type: SEQUENCE; Schema: public; Owner: postgres
--

ALTER TABLE public.tb_movie ALTER COLUMN id ADD GENERATED BY DEFAULT AS IDENTITY (
    SEQUENCE NAME public.tb_movie_id_seq
    START WITH 1
    INCREMENT BY 1
    NO MINVALUE
    NO MAXVALUE
    CACHE 1
);


--
-- TOC entry 219 (class 1259 OID 24969)
-- Name: tb_score; Type: TABLE; Schema: public; Owner: postgres
--

CREATE TABLE public.tb_score (
    value double precision,
    movie_id bigint NOT NULL,
    user_id bigint NOT NULL
);


ALTER TABLE public.tb_score OWNER TO postgres;

--
-- TOC entry 221 (class 1259 OID 24975)
-- Name: tb_user; Type: TABLE; Schema: public; Owner: postgres
--

CREATE TABLE public.tb_user (
    id bigint NOT NULL,
    email character varying(255)
);


ALTER TABLE public.tb_user OWNER TO postgres;

--
-- TOC entry 220 (class 1259 OID 24974)
-- Name: tb_user_id_seq; Type: SEQUENCE; Schema: public; Owner: postgres
--

ALTER TABLE public.tb_user ALTER COLUMN id ADD GENERATED BY DEFAULT AS IDENTITY (
    SEQUENCE NAME public.tb_user_id_seq
    START WITH 1
    INCREMENT BY 1
    NO MINVALUE
    NO MAXVALUE
    CACHE 1
);


--
-- TOC entry 4804 (class 0 OID 24962)
-- Dependencies: 218
-- Data for Name: tb_movie; Type: TABLE DATA; Schema: public; Owner: postgres
--

COPY public.tb_movie (id, count, image, score, title) FROM stdin;
1	2	https://www.themoviedb.org/t/p/w533_and_h300_bestv2/jBJWaqoSCiARWtfV0GlqHrcdidd.jpg	4.5	The Witcher
2	3	https://www.themoviedb.org/t/p/w533_and_h300_bestv2/vIgyYkXkg6NC2whRbYjBD7eb3Er.jpg	3.3	Venom: Tempo de Carnificina
3	0	https://www.themoviedb.org/t/p/w533_and_h300_bestv2/u7SeO6Y42P7VCTWLhpnL96cyOqd.jpg	0	O Espetacular Homem-Aranha 2: A Ameaça de Electro
4	0	https://www.themoviedb.org/t/p/w533_and_h300_bestv2/hv7o3VgfsairBoQFAawgaQ4cR1m.jpg	0	Matrix Resurrections
5	0	https://www.themoviedb.org/t/p/w533_and_h300_bestv2/cinER0ESG0eJ49kXlExM0MEWGxW.jpg	0	Shang-Chi e a Lenda dos Dez Anéis
6	0	https://www.themoviedb.org/t/p/w533_and_h300_bestv2/2oZklIzUbvZXXzIFzv7Hi68d6xf.jpg	0	Django Livre
7	0	https://www.themoviedb.org/t/p/w533_and_h300_bestv2/yDI6D5ZQh67YU4r2ms8qcSbAviZ.jpg	0	Titanic
8	0	https://www.themoviedb.org/t/p/w533_and_h300_bestv2/cWUOv3H7YFwvKeaQhoAQTLLpo9Z.jpg	0	O Lobo de Wall Street
9	0	https://www.themoviedb.org/t/p/w533_and_h300_bestv2/jiqD14fg7UTZOT6qgvzTmfRYpWI.jpg	0	Aves de Rapina: Arlequina e sua Emancipação Fantabulosa
10	0	https://www.themoviedb.org/t/p/w533_and_h300_bestv2/6t8ES1d12OzWyCGxBeDYLHoaDrT.jpg	0	Rogue One: Uma História Star Wars
11	0	https://www.themoviedb.org/t/p/w533_and_h300_bestv2/uK15I3sGd8AudO9z6J6vi0HH1UU.jpg	0	Star Wars: A Guerra dos Clones
12	0	https://www.themoviedb.org/t/p/w533_and_h300_bestv2/36LnijfQCOC89rCMOhn2OINXROI.jpg	0	Star Wars: Episódio I - A Ameaça Fantasma
13	0	https://www.themoviedb.org/t/p/w533_and_h300_bestv2/7RyHsO4yDXtBv1zUU3mTpHeQ0d5.jpg	0	Vingadores: Ultimato
14	0	https://www.themoviedb.org/t/p/w533_and_h300_bestv2/cDJ61O1STtbWNBwefuqVrRe3d7l.jpg	0	Thor
15	0	https://www.themoviedb.org/t/p/w533_and_h300_bestv2/hqh5O4KssfJWI62HGAgrjHXbxhD.jpg	0	Cisne Negro
16	0	https://www.themoviedb.org/t/p/w533_and_h300_bestv2/mfwq2nMBzArzQ7Y9RKE8SKeeTkg.jpg	0	O Silêncio dos Inocentes
17	0	https://www.themoviedb.org/t/p/w533_and_h300_bestv2/hZkgoQYus5vegHoetLkCJzb17zJ.jpg	0	Clube da Luta
18	0	https://www.themoviedb.org/t/p/w533_and_h300_bestv2/31VpBgUX5O4Z3dn5ZbX8HLqoXH3.jpg	0	Guerra Mundial Z
19	0	https://www.themoviedb.org/t/p/w533_and_h300_bestv2/vcrgU0KaNj5mKUCIQSUdiQwTE9y.jpg	0	Harry Potter e as Relíquias da Morte - Parte 1
20	0	https://www.themoviedb.org/t/p/w533_and_h300_bestv2/lvOLivVeX3DVVcwfVkxKf0R22D8.jpg	0	Harry Potter e a Pedra Filosofal
21	0	https://www.themoviedb.org/t/p/w533_and_h300_bestv2/qNdlZgz9yoSJ8f0YxQWfKGPoVV.jpg	0	Alice no País das Maravilhas
22	0	https://www.themoviedb.org/t/p/w533_and_h300_bestv2/8Qsr8pvDL3s1jNZQ4HK1d1Xlvnh.jpg	0	Animais Fantásticos e Onde Habitam
23	0	https://www.themoviedb.org/t/p/w533_and_h300_bestv2/kq2MHrRfH6RTfkvyDEmYLmGHE6U.jpg	0	A Teoria de Tudo
24	0	https://www.themoviedb.org/t/p/w533_and_h300_bestv2/sjx6zjQI2dLGtEL0HGWsnq6UyLU.jpg	0	O Livro de Boba Fett
25	0	https://www.themoviedb.org/t/p/w533_and_h300_bestv2/4LrL40XecjGLRpX5I2gzMTUt04l.jpg	0	O Último Duelo
26	0	https://www.themoviedb.org/t/p/w533_and_h300_bestv2/rAiYTfKGqDCRIIqo664sY9XZIvQ.jpg	0	Interestelar
27	0	https://www.themoviedb.org/t/p/w533_and_h300_bestv2/yFkUPqBuUnbhYbQL8VFpTrAT9za.jpg	0	Contato
29	0	https://www.themoviedb.org/t/p/w533_and_h300_bestv2/2cUsDz4TzFYHrKktT1bKHHQ7Cgm.jpg	0	Aquaman
28	1	https://www.themoviedb.org/t/p/w533_and_h300_bestv2/jYEW5xZkZk2WTrdbMGAPFuBqbDc.jpg	5	Duna
\.


--
-- TOC entry 4805 (class 0 OID 24969)
-- Dependencies: 219
-- Data for Name: tb_score; Type: TABLE DATA; Schema: public; Owner: postgres
--

COPY public.tb_score (value, movie_id, user_id) FROM stdin;
5	1	1
4	1	2
3	2	1
3	2	2
4	2	3
5	28	6
\.


--
-- TOC entry 4807 (class 0 OID 24975)
-- Dependencies: 221
-- Data for Name: tb_user; Type: TABLE DATA; Schema: public; Owner: postgres
--

COPY public.tb_user (id, email) FROM stdin;
1	maria@gmail.com
2	joao@gmail.com
3	ana@gmail.com
4	lucia@gmail.com
5	joaquim@gmail.com
6	tiago.almeidat@outlook.com
\.


--
-- TOC entry 4813 (class 0 OID 0)
-- Dependencies: 217
-- Name: tb_movie_id_seq; Type: SEQUENCE SET; Schema: public; Owner: postgres
--

SELECT pg_catalog.setval('public.tb_movie_id_seq', 29, true);


--
-- TOC entry 4814 (class 0 OID 0)
-- Dependencies: 220
-- Name: tb_user_id_seq; Type: SEQUENCE SET; Schema: public; Owner: postgres
--

SELECT pg_catalog.setval('public.tb_user_id_seq', 6, true);


--
-- TOC entry 4651 (class 2606 OID 24968)
-- Name: tb_movie tb_movie_pkey; Type: CONSTRAINT; Schema: public; Owner: postgres
--

ALTER TABLE ONLY public.tb_movie
    ADD CONSTRAINT tb_movie_pkey PRIMARY KEY (id);


--
-- TOC entry 4653 (class 2606 OID 24973)
-- Name: tb_score tb_score_pkey; Type: CONSTRAINT; Schema: public; Owner: postgres
--

ALTER TABLE ONLY public.tb_score
    ADD CONSTRAINT tb_score_pkey PRIMARY KEY (movie_id, user_id);


--
-- TOC entry 4655 (class 2606 OID 24979)
-- Name: tb_user tb_user_pkey; Type: CONSTRAINT; Schema: public; Owner: postgres
--

ALTER TABLE ONLY public.tb_user
    ADD CONSTRAINT tb_user_pkey PRIMARY KEY (id);


--
-- TOC entry 4656 (class 2606 OID 24980)
-- Name: tb_score fk23yhb6qop0f6hnb72hcorm3cv; Type: FK CONSTRAINT; Schema: public; Owner: postgres
--

ALTER TABLE ONLY public.tb_score
    ADD CONSTRAINT fk23yhb6qop0f6hnb72hcorm3cv FOREIGN KEY (movie_id) REFERENCES public.tb_movie(id);


--
-- TOC entry 4657 (class 2606 OID 24985)
-- Name: tb_score fkl8lgmbrjoav0thqqtqx6vrr4k; Type: FK CONSTRAINT; Schema: public; Owner: postgres
--

ALTER TABLE ONLY public.tb_score
    ADD CONSTRAINT fkl8lgmbrjoav0thqqtqx6vrr4k FOREIGN KEY (user_id) REFERENCES public.tb_user(id);


-- Completed on 2025-03-08 14:13:17

--
-- PostgreSQL database dump complete
--

